{
    "geometriaMuro": {
        "title": "Geometria do Muro",
        "inputs": {
            "alturaMuro": {
                "value": "",
                "symbol": "h",
                "um": "m",
                "type": "number",
                "required": true,
                "label": "Altura do muro",
                "info": [
                    "Será aredondado de acordo com o espaçamento"
                ]
            },
            "sobrecarga": {
                "value": "",
                "symbol": "q",
                "um": "kN/m²",
                "type": "number",
                "required": true,
                "label": "Sobrecarga",
                "info": [
                    "Esse valor será convertido em metros e somado a altura do muro"
                ]
            },
            "espacamentoVertical": {
                "value": "",
                "symbol": "Sv",
                "um": "m",
                "type": "number",
                "required": true,
                "label": "Espaçamento vertical dos reforços",
                "info": [
                    "Esse valor será constante em todo o muro",
                    "Valor deverá ser menor ou igual a 0.6m"
                ]
            },
            "espacamentoHorizontal": {
                "value": "",
                "symbol": "Sh",
                "um": "m",
                "type": "number",
                "required": true,
                "label": "Espaçamento horizontal dos reforços",
                "info": [
                    "Esse valor será constante em todo o muro"
                ]
            },
            "embutimento": {
                "value": "",
                "symbol": "D",
                "um": "m",
                "type": "number",
                "required": true,
                "label": "Embutimento",
                "info": [
                    "Deve ser ≥ 0.4m a favor da segurança"
                ]
            },
            "inclinacaoFace": {
                "value": "",
                "symbol": "",
                "um": "",
                "type": "select",
                "required": true,
                "label": "Inclinação da face",
                "fileAssociation": "abacos",
                "options": [
                    { "value": null, "label": "Selecionar" },
                    { "value": "90", "label": "90°" },
                    { "value": "71.60", "label": "71.56° / 3V:1H" },
                    { "value": "63.43", "label": "63.43° / 2V:1H" }
                ]
            }
        }
    },
    "soloEnchimento": {
        "title": "Parâmetros do Solo de enchimento",
        "inputs": {
            "tipoSolo": {
                "value": "",
                "symbol": "",
                "um": "",
                "type": "select",
                "label": "Tipo de solo",
                "required": true,
                "fileAssociation": "tipoSolo",
                "options": [
                    { "value": "", "label": "Selecionar" },
                    { "value": "pedraBritada", "label": "Pedra Britada" },
                    { "value": "areia", "label": "Areia" },
                    { "value": "areiaSiltosa", "label": "Areia Siltosa" },
                    { "value": "outro", "label": "Outro" }
                ]
            },
            "pesoEspecifico": {
                "value": "",
                "symbol": "γ",
                "um": "kN/m³",
                "type": "number",
                "required": true,
                "label": "Peso específico",
                "info": []
            },
            "coesao": {
                "value": "",
                "symbol": "c'",
                "um": "kPa",
                "type": "number",
                "required": true,
                "label": "Coesão",
                "info": []
            },
            "anguloAtrito": {
                "value": "",
                "symbol": "∅'",
                "um": "°",
                "type": "select",
                "required": true,
                "label": "Ângulo de atrito",
                "options": [
                    { "value": "", "label": "Selecionar" },
                    { "value": "30", "label": "30°", "hide": false },
                    { "value": "35", "label": "35°", "hide": false }
                ]
            },
            "moduloTangenteInicial": {
                "value": 128,
                "symbol": "k",
                "um": "",
                "type": "number",
                "required": true,
                "label": "Módulo tangente inicial",
                "info": []
            },
            "moduloExpoente": {
                "value": 0.78,
                "symbol": "n",
                "um": "",
                "type": "number",
                "required": true,
                "label": "Módulo expoente",
                "info": []
            }
        }
    },
    "soloFundacao": {
        "title": "Parâmetros do Solo de Fundação",
        "inputs": {
            "igualAEnchimento": {
                "value": false,
                "symbol": "",
                "um": "",
                "type": "checkbox",
                "required": true,
                "label": "Mesmo que o enchimento",
                "info": [
                    "Ao selecionar será clonado os dados do solo de enchimento"
                ]
            },
            "apoiadoRocha": {
                "value": false,
                "symbol": "",
                "um": "",
                "type": "checkbox",
                "required": true,
                "label": "Apoiado em rocha",
                "info": []
            },
            "tipoSolo": {
                "value": "",
                "symbol": "",
                "um": "",
                "type": "select",
                "required": true,
                "label": "Tipo de solo",
                "fileAssociation": "tipoSolo",
                "options": [
                    { "value": "", "label": "Selecionar" },
                    { "value": "pedraBritada", "label": "Pedra Britada" },
                    { "value": "areia", "label": "Areia" },
                    { "value": "areiaSiltosa", "label": "Areia Siltosa" },
                    { "value": "outro", "label": "Outro" }
                ]
            },
            "pesoEspecifico": {
                "value": "",
                "symbol": "γ",
                "um": "kN/m³",
                "type": "number",
                "required": true,
                "label": "Peso específico",
                "info": []
            },
            "coesao": {
                "value": "",
                "symbol": "c'",
                "um": "kPa",
                "type": "number",
                "required": true,
                "label": "Coesão",
                "info": []
            },
            "anguloAtrito": {
                "value": "",
                "symbol": "∅'",
                "um": "°",
                "type": "select",
                "required": true,
                "label": "Ângulo de atrito",
                "options": [
                    { "value": "", "label": "Selecionar" },
                    { "value": "30", "label": "30°" },
                    { "value": "35", "label": "35°" }
                ]
            },
            "moduloTangenteInicial": {
                "value": "",
                "symbol": "k",
                "um": "",
                "type": "number",
                "required": true,
                "label": "Módulo tangente inicial",
                "info": []
            },
            "moduloExpoente": {
                "value": "",
                "symbol": "n",
                "um": "",
                "type": "number",
                "required": true,
                "label": "Módulo expoente",
                "info": []
            }
        }
    },
    "reforcos": {
        "title": "Parâmetros dos reforços",
        "inputs": {
            "tipoGeossintetico": {
                "value": "",
                "symbol": "",
                "um": "",
                "type": "select",
                "required": true,
                "label": "Tipo de geossintético",
                "fileAssociation": "tipoMaterial",
                "options": [
                    { "value": "", "label": "Selecionar" },
                    { "value": "geogrelhaPoliaramida", "label": "Geogrelhas de poliaramida" },
                    { "value": "geogrelhaPP", "label": "Geogrelhas (PET ou PEAD)" }
                ]
            },
            "tipoReforco": {
                "value": "",
                "symbol": "",
                "um": "",
                "type": "select",
                "required": true,
                "label": "Tipo de reforço",
                "fileAssociation": "tiposReforcos",
                "options": [
                    { "value": "", "label": "Selecionar" }
                ]
            },
            "si": {
                "value": "",
                "symbol": "Si",
                "um": "",
                "type": "number",
                "required": true,
                "label": "Índice de rigidez relativa",
                "info": [
                    "Geogrelha de poliaramida - 0.5 a 3.2",
                    "Geogrelha (PET ou PEAD) - 0.03 a 0.12"
                ]
            },
            "resistenciaTracao": {
                "value": "",
                "symbol": "T",
                "um": "kN/m²",
                "type": "number",
                "required": true,
                "label": "Resistência à tração",
                "info": []
            },
            "modRigidezTracao": {
                "value": "",
                "symbol": "Jr",
                "um": "kN/m",
                "type": "number",
                "required": true,
                "label": "Módulo de rigidez à tração",
                "info": []
            }
        }
    },
    "bloco": {
        "title": "Parâmetros do faceamento",
        "inputs": {
            "tipo": {
                "value": "autoenvelopado",
                "symbol": "",
                "um": "",
                "type": "select",
                "label": "Tipo",
                "required": true,
                "options": [
                    { "value": "", "label": "Selecionar" },
                    { "value": "autoenvelopado", "label": "Auto Envelopado" }
                ]
            },
            "ancoragem": {
                "value": "",
                "symbol": "L0",
                "um": "m",
                "type": "number",
                "required": true,
                "label": "Comprimento de ancoragem",
                "info": [
                    "Valor deve ser maior que 1.0m"
                ]
            },
            "eficienciaAcoplamento": {
                "value": "",
                "symbol": "CR",
                "um": "%",
                "type": "number",
                "required": true,
                "label": "Eficiência do acoplamento",
                "info": []
            },
            "tracao": {
                "value": "",
                "symbol": "T0",
                "um": "%",
                "type": "number",
                "required": true,
                "label": "Tensão de tração no reforço",
                "info": [
                    "Valor deve ser de 80% a 100% de Tmáx"
                ]
            }
        }
    },
    "compactacao": {
        "title": "Parâmetros da compactação",
        "inputs": {
            "tipo": {
                "value": "",
                "symbol": "",
                "um": "",
                "type": "select",
                "label": "Tipo",
                "required": true,
                "options": [
                    { "value": "", "label": "Selecionar" },
                    { "value": "rolo", "label": "Rolo Compactador" },
                    { "value": "placa", "label": "Placa Vibratória" }
                ]
            },
            "modelos": {
                "value": "",
                "symbol": "",
                "um": "",
                "type": "select",
                "label": "Modelos",
                "required": true,
                "fileAssociation": "tiposCompactadores"
            },
            "pesoRolo": {
                "value": "",
                "symbol": "",
                "um": "kN",
                "type": "number",
                "required": true,
                "label": "Peso rolo",
                "info": []
            },
            "cargaEstatica": {
                "value": "",
                "symbol": "",
                "um": "kN",
                "type": "number",
                "required": true,
                "label": "Carga estática equivalente",
                "info": []
            },
            "larguraRolo": {
                "value": "",
                "symbol": "",
                "um": "m",
                "type": "number",
                "hide": true,
                "required": true,
                "label": "Largura do rolo",
                "info": []
            },
            "area": {
                "value": "",
                "symbol": "",
                "um": "m²",
                "hide": true,
                "required": true,
                "type": "number",
                "label": "Área",
                "info": []
            },
            "tensao": {
                "value": "",
                "symbol": "",
                "um": "kPa",
                "type": "number",
                "required": true,
                "label": "Tensão vertical",
                "info": []
            }
        }
    },
    "arrancamento": {
        "title": "Parâmetros análise arrancamento",
        "inputs": {
            "aderencia": {
                "value": "",
                "symbol": "fa",
                "um": "",
                "type": "number",
                "required": true,
                "label": "Coeficiente de aderência",
                "info": [
                    "Geogrelha - 0.8 a 1",
                    "Depende da abertura da malha e espessura dos membros transversais"
                ]
            },
            "escala": {
                "value": "",
                "symbol": "𝛼",
                "um": "",
                "type": "number",
                "required": true,
                "label": "Fator de escala",
                "info": [
                    "Geogrelha - 0.7 a 1",
                    "Na ausência de ensaios de arrancamento, adote 𝛼 igual a 0.6"
                ]
            }
        }
    }
}