{
    "rolo": [{
            "model": "CASE SV2016",
            "weight": 99.5,
            "width": 2.2,
            "charge": 325
        },
        {
            "model": "CASE SV212",
            "weight": 72.3,
            "width": 2.2,
            "charge": 277
        },
        {
            "model": "CASE SV208",
            "weight": 39.4,
            "width": 1.7,
            "charge": 145
        },
        {
            "model": "CASE DV201",
            "weight": 12.3,
            "width": 1,
            "charge": 29
        },
        {
            "model": "MULLER VAP559",
            "weight": null,
            "width": 1.68,
            "charge": 190
        },
        {
            "model": "MULLER VAP70P",
            "weight": null,
            "width": 2.14,
            "charge": 320
        },
        {
            "model": "DYNAPAC CA134PD",
            "weight": 19.6,
            "width": 1.37,
            "charge": 89
        },
        {
            "model": "DYNAPAC CA150PD",
            "weight": 39.2,
            "width": 1.68,
            "charge": 143
        },
        {
            "model": "DYNAPAC CA250PD",
            "weight": 72.6,
            "width": 2.13,
            "charge": 300
        },
        {
            "model": "DYNAPAC CA500PD",
            "weight": 101,
            "width": 2.13,
            "charge": 300
        }

    ],
    "placa": [{
            "model": "DYNAPAC LT500",
            "charge": 10,
            "area": 0.076,
            "tension": 132
        },
        {
            "model": "DYNAPAC LT600",
            "charge": 14.8,
            "area": 0.092,
            "tension": 160
        },
        {
            "model": "DYNAPAC LT700",
            "charge": 18.6,
            "area": 0.092,
            "tension": 201
        },
        {
            "model": "WACKER BS 50-4",
            "charge": 14.7,
            "area": 0.092,
            "tension": 159
        },
        {
            "model": "WACKER BS 60-4",
            "charge": 15.6,
            "area": 0.092,
            "tension": 169
        },
        {
            "model": "WACKER 70-2i",
            "charge": 17.8,
            "area": 0.092,
            "tension": 193
        }
    ]
}